Name,Feedback
Rajiv,"The event was well-organized and the topics were current. However, the venue was a bit cramped. Overall, a good experience."
Emily,"Excellent presentations! The speakers were knowledgeable and engaging. I learned a lot."
Ankit,"The event started late, which was frustrating. Some speakers were good, but others lacked depth in their presentations."
Maria,"I found the workshop sessions extremely beneficial. They were hands-on and informative."
Lee,"It was an average event. Some talks were interesting, but others were not as engaging as I had hoped."
Fatima,"The networking opportunities were great, but the event lacked diversity in topics. It felt too focused on one area."
Joshua,"Outstanding event! The keynote speaker was inspiring, and the technology demos were cutting-edge."
Vanessa,"The event was okay, but it could have used more interactive elements. Some sessions were too passive."
Kiran,"I was disappointed with the scheduling conflicts between sessions. I had to miss several talks I was interested in."
Sophie,"The event was well worth it. Great insights into the latest tech trends, and the Q&A sessions were very helpful."